Year,ClinicalDomain,Category,ReportCount,PctOfYearReports
2020,biocompatibility,device_triggered_rejection,351,0.9162
2020,biocompatibility,hypersensitivity_allergic_reaction,74,0.1932
2020,biocompatibility,patient_device_incompatibility,8510,22.2141
2020,bleeding_complication,hematoma,162,0.4229
2020,breast_finding,breast_mass,284,0.7413
2020,breast_finding,cyst,126,0.3289
2020,cardiovascular_system,arrhythmia,2,0.0052
2020,contamination,device_contamination,25,0.0653
2020,device_handling,device_handling_problem,5,0.0131
2020,device_integrity,deflation,309,0.8066
2020,device_integrity,device_breakage,46,0.1201
2020,device_integrity,device_component_detachment,10,0.0261
2020,device_integrity,device_defect,28,0.0731
2020,device_integrity,gel_leak,174,0.4542
2020,device_integrity,implant_failure_nonspecific,11681,30.4915
2020,device_integrity,leak_or_deflation,5126,13.3807
2020,device_integrity,material_deformation,38,0.0992
2020,device_integrity,material_delamination,17,0.0444
2020,device_integrity,material_discoloration,41,0.107
2020,device_integrity,rupture,15620,40.7737
2020,device_integrity,unintended_deflation,12,0.0313
2020,device_patient_interaction,patient_device_interaction,1,0.0026
2020,device_position,device_malposition,27,0.0705
2020,device_position,device_migration,687,1.7933
2020,device_use,use_of_device_problem,2,0.0052
2020,device_use_or_procedure,improper_procedure_or_method,68,0.1775
2020,ear_and_auditory_system,tinnitus,42,0.1096
2020,eye,dry_eye,51,0.1331
2020,fluid_collection,seroma,2014,5.2573
2020,fluid_collection,swelling_edema,9,0.0235
2020,gastrointestinal_system,gastrointestinal_problem_unspecified,10,0.0261
2020,health_effect_unspecified,reported_rupture_unspecified,11,0.0287
2020,infection,abscess,33,0.0861
2020,infection,bacterial_infection,10,0.0261
2020,infection,cellulitis,39,0.1018
2020,infection,infection,790,2.0622
2020,infection,postoperative_wound_infection,32,0.0835
2020,inflammatory_response,foreign_body_reaction,13,0.0339
2020,inflammatory_response,granuloma,269,0.7022
2020,inflammatory_response,inflammation,155,0.4046
2020,inflammatory_response,local_reaction,169,0.4411
2020,local_complication,calcification,47,0.1227
2020,local_complication,capsular_contracture,14235,37.1584
2020,local_complication,wrinkling_or_rippling,306,0.7988
2020,lymphatic_system,lymphadenopathy,651,1.6993
2020,musculoskeletal_system,arthralgia,113,0.295
2020,musculoskeletal_system,muscle_weakness_atrophy,19,0.0496
2020,musculoskeletal_system,myalgia,15,0.0392
2020,neoplasm,anaplastic_large_cell_lymphoma,147,0.3837
2020,neoplasm,bia_alcl,22,0.0574
2020,neoplasm,breast_cancer,24,0.0626
2020,neoplasm,cancer_unspecified,110,0.2871
2020,neoplasm,lymphoma_unspecified,242,0.6317
2020,nervous_system,burning_sensation,33,0.0861
2020,nervous_system,cognitive_changes,83,0.2167
2020,nervous_system,confusion_disorientation,51,0.1331
2020,nervous_system,dizziness,29,0.0757
2020,nervous_system,headache,129,0.3367
2020,nervous_system,memory_loss_impairment,80,0.2088
2020,nervous_system,neurological_deficit,176,0.4594
2020,nervous_system,numbness,64,0.1671
2020,nervous_system,paresthesia,30,0.0783
2020,nervous_system,sleep_dysfunction,83,0.2167
2020,nervous_system,vertigo,49,0.1279
2020,patient_symptom,chest_pain,41,0.107
2020,patient_symptom,pain,1740,4.542
2020,psychological_condition,anxiety,115,0.3002
2020,psychological_condition,depression,104,0.2715
2020,psychological_condition,emotional_changes,31,0.0809
2020,respiratory_system,dyspnea,64,0.1671
2020,skin_subcutaneous_tissue,hair_loss,124,0.3237
2020,skin_subcutaneous_tissue,itching,32,0.0835
2020,skin_subcutaneous_tissue,rash,105,0.2741
2020,skin_subcutaneous_tissue,skin_inflammation_irritation,4,0.0104
2020,skin_subcutaneous_tissue,skin_irritation,118,0.308
2020,structural_aesthetic_outcome,deformity_disfigurement,743,1.9395
2020,structural_aesthetic_outcome,ptosis,8,0.0209
2020,systemic_condition,autoimmune_disorder,105,0.2741
2020,systemic_condition,autoimmune_reaction,433,1.1303
2020,systemic_symptom,fatigue,231,0.603
2020,systemic_symptom,weight_changes,79,0.2062
2020,tissue_injury,pocket_erosion,33,0.0861
2020,tissue_injury,tissue_necrosis,90,0.2349
2020,traumatic_injury,crushing_injury,16,0.0418
2020,traumatic_injury,injury_unspecified,292,0.7622
2020,wound_healing,impaired_wound_healing,93,0.2428
2020,wound_healing,scar_tissue,6,0.0157
2020,wound_healing,wound_dehiscence,152,0.3968
2020,wound_or_breast_finding,fluid_discharge,26,0.0679
2021,biocompatibility,device_triggered_rejection,7821,22.5344
2021,biocompatibility,hypersensitivity_allergic_reaction,65,0.1873
2021,biocompatibility,patient_device_incompatibility,263,0.7578
2021,bleeding_complication,hematoma,102,0.2939
2021,breast_finding,breast_mass,218,0.6281
2021,breast_finding,cyst,94,0.2708
2021,cardiovascular_system,arrhythmia,27,0.0778
2021,contamination,device_contamination,13,0.0375
2021,device_handling,device_handling_problem,45,0.1297
2021,device_integrity,deflation,642,1.8498
2021,device_integrity,device_breakage,51,0.1469
2021,device_integrity,device_component_detachment,26,0.0749
2021,device_integrity,device_defect,24,0.0692
2021,device_integrity,gel_leak,124,0.3573
2021,device_integrity,implant_failure_nonspecific,10099,29.0979
2021,device_integrity,leak_or_deflation,3993,11.5049
2021,device_integrity,material_deformation,30,0.0864
2021,device_integrity,material_delamination,47,0.1354
2021,device_integrity,material_discoloration,43,0.1239
2021,device_integrity,rupture,14909,42.9568
2021,device_integrity,unintended_deflation,15,0.0432
2021,device_patient_interaction,patient_device_interaction,29,0.0836
2021,device_position,device_malposition,9,0.0259
2021,device_position,device_migration,727,2.0947
2021,device_use,use_of_device_problem,5,0.0144
2021,device_use_or_procedure,improper_procedure_or_method,15,0.0432
2021,ear_and_auditory_system,tinnitus,29,0.0836
2021,eye,dry_eye,33,0.0951
2021,fluid_collection,seroma,1500,4.3219
2021,fluid_collection,swelling_edema,35,0.1008
2021,gastrointestinal_system,gastrointestinal_problem_unspecified,13,0.0375
2021,health_effect_unspecified,reported_rupture_unspecified,22,0.0634
2021,infection,abscess,24,0.0692
2021,infection,bacterial_infection,18,0.0519
2021,infection,cellulitis,18,0.0519
2021,infection,infection,371,1.0689
2021,infection,postoperative_wound_infection,219,0.631
2021,inflammatory_response,foreign_body_reaction,59,0.17
2021,inflammatory_response,granuloma,278,0.801
2021,inflammatory_response,inflammation,78,0.2247
2021,inflammatory_response,local_reaction,286,0.824
2021,local_complication,calcification,51,0.1469
2021,local_complication,capsular_contracture,13684,39.4272
2021,local_complication,wrinkling_or_rippling,377,1.0862
2021,lymphatic_system,lymphadenopathy,528,1.5213
2021,musculoskeletal_system,arthralgia,75,0.2161
2021,musculoskeletal_system,muscle_weakness_atrophy,26,0.0749
2021,musculoskeletal_system,myalgia,10,0.0288
2021,neoplasm,anaplastic_large_cell_lymphoma,11,0.0317
2021,neoplasm,bia_alcl,120,0.3458
2021,neoplasm,breast_cancer,9,0.0259
2021,neoplasm,cancer_unspecified,74,0.2132
2021,neoplasm,lymphoma_unspecified,225,0.6483
2021,nervous_system,burning_sensation,29,0.0836
2021,nervous_system,cognitive_changes,67,0.193
2021,nervous_system,confusion_disorientation,15,0.0432
2021,nervous_system,dizziness,29,0.0836
2021,nervous_system,headache,72,0.2075
2021,nervous_system,memory_loss_impairment,45,0.1297
2021,nervous_system,neurological_deficit,2,0.0058
2021,nervous_system,numbness,35,0.1008
2021,nervous_system,paresthesia,156,0.4495
2021,nervous_system,sleep_dysfunction,59,0.17
2021,nervous_system,vertigo,20,0.0576
2021,patient_symptom,chest_pain,28,0.0807
2021,patient_symptom,pain,1170,3.3711
2021,psychological_condition,anxiety,81,0.2334
2021,psychological_condition,depression,56,0.1614
2021,psychological_condition,emotional_changes,40,0.1153
2021,respiratory_system,dyspnea,41,0.1181
2021,skin_subcutaneous_tissue,hair_loss,64,0.1844
2021,skin_subcutaneous_tissue,itching,22,0.0634
2021,skin_subcutaneous_tissue,rash,55,0.1585
2021,skin_subcutaneous_tissue,skin_inflammation_irritation,58,0.1671
2021,structural_aesthetic_outcome,deformity_disfigurement,6058,17.4547
2021,systemic_condition,autoimmune_disorder,342,0.9854
2021,systemic_condition,autoimmune_reaction,1,0.0029
2021,systemic_symptom,fatigue,135,0.389
2021,systemic_symptom,weight_changes,51,0.1469
2021,tissue_injury,erosion,27,0.0778
2021,tissue_injury,pocket_erosion,40,0.1153
2021,tissue_injury,tissue_necrosis,62,0.1786
2021,traumatic_injury,crushing_injury,178,0.5129
2021,wound_healing,impaired_wound_healing,103,0.2968
2021,wound_healing,scar_tissue,32,0.0922
2021,wound_healing,wound_dehiscence,75,0.2161
2021,wound_or_breast_finding,fluid_discharge,38,0.1095
2022,biocompatibility,device_triggered_rejection,11376,25.5882
2022,biocompatibility,hypersensitivity_allergic_reaction,46,0.1035
2022,biocompatibility,patient_device_incompatibility,270,0.6073
2022,bleeding_complication,hematoma,156,0.3509
2022,breast_finding,breast_mass,264,0.5938
2022,breast_finding,cyst,97,0.2182
2022,cardiovascular_system,arrhythmia,26,0.0585
2022,contamination,device_contamination,22,0.0495
2022,device_handling,device_handling_problem,109,0.2452
2022,device_integrity,deflation,176,0.3959
2022,device_integrity,device_breakage,60,0.135
2022,device_integrity,device_component_detachment,24,0.054
2022,device_integrity,device_defect,20,0.045
2022,device_integrity,gel_leak,451,1.0144
2022,device_integrity,implant_failure_nonspecific,13519,30.4085
2022,device_integrity,leak_or_deflation,5351,12.0361
2022,device_integrity,material_deformation,45,0.1012
2022,device_integrity,material_delamination,38,0.0855
2022,device_integrity,material_discoloration,34,0.0765
2022,device_integrity,rupture,17945,40.3639
2022,device_integrity,unintended_deflation,38,0.0855
2022,device_patient_interaction,patient_device_interaction,1082,2.4338
2022,device_position,device_malposition,21,0.0472
2022,device_position,device_migration,823,1.8512
2022,device_use,use_of_device_problem,46,0.1035
2022,device_use_or_procedure,improper_procedure_or_method,20,0.045
2022,ear_and_auditory_system,tinnitus,31,0.0697
2022,eye,dry_eye,33,0.0742
2022,fluid_collection,seroma,1805,4.06
2022,fluid_collection,swelling_edema,57,0.1282
2022,gastrointestinal_system,gastrointestinal_problem_unspecified,32,0.072
2022,health_effect_unspecified,reported_rupture_unspecified,314,0.7063
2022,infection,abscess,30,0.0675
2022,infection,bacterial_infection,35,0.0787
2022,infection,cellulitis,35,0.0787
2022,infection,infection,495,1.1134
2022,infection,postoperative_wound_infection,237,0.5331
2022,inflammatory_response,foreign_body_reaction,93,0.2092
2022,inflammatory_response,granuloma,362,0.8143
2022,inflammatory_response,inflammation,78,0.1754
2022,inflammatory_response,local_reaction,202,0.4544
2022,local_complication,calcification,63,0.1417
2022,local_complication,capsular_contracture,18492,41.5943
2022,local_complication,wrinkling_or_rippling,339,0.7625
2022,lymphatic_system,lymphadenopathy,716,1.6105
2022,musculoskeletal_system,arthralgia,87,0.1957
2022,musculoskeletal_system,muscle_weakness_atrophy,27,0.0607
2022,musculoskeletal_system,myalgia,36,0.081
2022,neoplasm,bia_alcl,107,0.2407
2022,neoplasm,breast_cancer,27,0.0607
2022,neoplasm,cancer_unspecified,147,0.3306
2022,neoplasm,lymphoma_unspecified,252,0.5668
2022,nervous_system,burning_sensation,21,0.0472
2022,nervous_system,cognitive_changes,80,0.1799
2022,nervous_system,confusion_disorientation,22,0.0495
2022,nervous_system,dizziness,23,0.0517
2022,nervous_system,headache,81,0.1822
2022,nervous_system,memory_loss_impairment,44,0.099
2022,nervous_system,numbness,41,0.0922
2022,nervous_system,paresthesia,149,0.3351
2022,nervous_system,sleep_dysfunction,38,0.0855
2022,nervous_system,vertigo,24,0.054
2022,patient_symptom,chest_pain,37,0.0832
2022,patient_symptom,pain,1259,2.8319
2022,psychological_condition,anxiety,88,0.1979
2022,psychological_condition,depression,55,0.1237
2022,psychological_condition,emotional_changes,25,0.0562
2022,respiratory_system,dyspnea,41,0.0922
2022,skin_subcutaneous_tissue,hair_loss,71,0.1597
2022,skin_subcutaneous_tissue,itching,21,0.0472
2022,skin_subcutaneous_tissue,rash,67,0.1507
2022,skin_subcutaneous_tissue,skin_inflammation_irritation,131,0.2947
2022,structural_aesthetic_outcome,deformity_disfigurement,6631,14.9152
2022,structural_aesthetic_outcome,ptosis,1,0.0022
2022,systemic_condition,autoimmune_disorder,354,0.7963
2022,systemic_symptom,fatigue,138,0.3104
2022,systemic_symptom,weight_changes,65,0.1462
2022,tissue_injury,erosion,29,0.0652
2022,tissue_injury,pocket_erosion,74,0.1664
2022,tissue_injury,tissue_necrosis,99,0.2227
2022,traumatic_injury,crushing_injury,165,0.3711
2022,wound_healing,impaired_wound_healing,97,0.2182
2022,wound_healing,scar_tissue,86,0.1934
2022,wound_healing,wound_dehiscence,82,0.1844
2022,wound_or_breast_finding,fluid_discharge,53,0.1192
2023,biocompatibility,device_triggered_rejection,9606,24.1733
2023,biocompatibility,hypersensitivity_allergic_reaction,33,0.083
2023,biocompatibility,patient_device_incompatibility,255,0.6417
2023,bleeding_complication,hematoma,140,0.3523
2023,breast_finding,breast_mass,219,0.5511
2023,breast_finding,cyst,126,0.3171
2023,cardiovascular_system,arrhythmia,22,0.0554
2023,contamination,device_contamination,16,0.0403
2023,device_handling,device_handling_problem,116,0.2919
2023,device_integrity,deflation,52,0.1309
2023,device_integrity,device_breakage,37,0.0931
2023,device_integrity,device_component_detachment,30,0.0755
2023,device_integrity,device_defect,8,0.0201
2023,device_integrity,gel_leak,659,1.6584
2023,device_integrity,implant_failure_nonspecific,11401,28.6904
2023,device_integrity,leak_or_deflation,3928,9.8847
2023,device_integrity,material_deformation,46,0.1158
2023,device_integrity,material_delamination,35,0.0881
2023,device_integrity,material_discoloration,37,0.0931
2023,device_integrity,rupture,17091,43.0092
2023,device_integrity,unintended_deflation,19,0.0478
2023,device_patient_interaction,patient_device_interaction,1652,4.1572
2023,device_position,device_malposition,69,0.1736
2023,device_position,device_migration,723,1.8194
2023,device_use,use_of_device_problem,112,0.2818
2023,device_use_or_procedure,improper_procedure_or_method,19,0.0478
2023,ear_and_auditory_system,tinnitus,37,0.0931
2023,eye,dry_eye,42,0.1057
2023,fluid_collection,seroma,1611,4.0541
2023,fluid_collection,swelling_edema,50,0.1258
2023,gastrointestinal_system,gastrointestinal_problem_unspecified,29,0.073
2023,health_effect_unspecified,reported_rupture_unspecified,529,1.3312
2023,infection,abscess,21,0.0528
2023,infection,bacterial_infection,22,0.0554
2023,infection,cellulitis,19,0.0478
2023,infection,infection,353,0.8883
2023,infection,postoperative_wound_infection,178,0.4479
2023,inflammatory_response,foreign_body_reaction,43,0.1082
2023,inflammatory_response,granuloma,456,1.1475
2023,inflammatory_response,inflammation,69,0.1736
2023,inflammatory_response,local_reaction,168,0.4228
2023,local_complication,calcification,63,0.1585
2023,local_complication,capsular_contracture,16964,42.6896
2023,local_complication,wrinkling_or_rippling,299,0.7524
2023,lymphatic_system,lymphadenopathy,602,1.5149
2023,musculoskeletal_system,arthralgia,69,0.1736
2023,musculoskeletal_system,muscle_weakness_atrophy,27,0.0679
2023,musculoskeletal_system,myalgia,32,0.0805
2023,neoplasm,bia_alcl,113,0.2844
2023,neoplasm,breast_cancer,94,0.2365
2023,neoplasm,cancer_unspecified,70,0.1762
2023,neoplasm,lymphoma_unspecified,134,0.3372
2023,nervous_system,burning_sensation,17,0.0428
2023,nervous_system,cognitive_changes,56,0.1409
2023,nervous_system,confusion_disorientation,18,0.0453
2023,nervous_system,dizziness,18,0.0453
2023,nervous_system,headache,93,0.234
2023,nervous_system,memory_loss_impairment,50,0.1258
2023,nervous_system,numbness,21,0.0528
2023,nervous_system,paresthesia,108,0.2718
2023,nervous_system,sleep_dysfunction,48,0.1208
2023,nervous_system,vertigo,14,0.0352
2023,patient_symptom,chest_pain,21,0.0528
2023,patient_symptom,pain,1160,2.9191
2023,psychological_condition,anxiety,90,0.2265
2023,psychological_condition,depression,57,0.1434
2023,psychological_condition,emotional_changes,26,0.0654
2023,respiratory_system,dyspnea,30,0.0755
2023,skin_subcutaneous_tissue,hair_loss,74,0.1862
2023,skin_subcutaneous_tissue,itching,24,0.0604
2023,skin_subcutaneous_tissue,rash,65,0.1636
2023,skin_subcutaneous_tissue,skin_inflammation_irritation,111,0.2793
2023,structural_aesthetic_outcome,deformity_disfigurement,6892,17.3436
2023,structural_aesthetic_outcome,ptosis,18,0.0453
2023,systemic_condition,autoimmune_disorder,182,0.458
2023,systemic_symptom,fatigue,139,0.3498
2023,systemic_symptom,weight_changes,53,0.1334
2023,tissue_injury,erosion,16,0.0403
2023,tissue_injury,pocket_erosion,54,0.1359
2023,tissue_injury,tissue_necrosis,90,0.2265
2023,traumatic_injury,crushing_injury,42,0.1057
2023,wound_healing,impaired_wound_healing,57,0.1434
2023,wound_healing,scar_tissue,36,0.0906
2023,wound_healing,wound_dehiscence,59,0.1485
2023,wound_or_breast_finding,fluid_discharge,34,0.0856
2024,biocompatibility,device_triggered_rejection,9940,25.0145
2024,biocompatibility,hypersensitivity_allergic_reaction,29,0.073
2024,biocompatibility,patient_device_incompatibility,152,0.3825
2024,bleeding_complication,hematoma,128,0.3221
2024,breast_finding,breast_mass,233,0.5864
2024,breast_finding,cyst,111,0.2793
2024,cardiovascular_system,arrhythmia,21,0.0528
2024,contamination,device_contamination,18,0.0453
2024,device_handling,device_handling_problem,129,0.3246
2024,device_integrity,device_breakage,136,0.3423
2024,device_integrity,device_component_detachment,28,0.0705
2024,device_integrity,device_defect,16,0.0403
2024,device_integrity,gel_leak,741,1.8648
2024,device_integrity,implant_failure_nonspecific,11464,28.8497
2024,device_integrity,leak_or_deflation,3691,9.2886
2024,device_integrity,material_deformation,51,0.1283
2024,device_integrity,material_delamination,24,0.0604
2024,device_integrity,material_discoloration,30,0.0755
2024,device_integrity,rupture,17764,44.7039
2024,device_integrity,unintended_deflation,58,0.146
2024,device_patient_interaction,patient_device_interaction,1425,3.5861
2024,device_position,device_malposition,86,0.2164
2024,device_position,device_migration,781,1.9654
2024,device_use,use_of_device_problem,109,0.2743
2024,device_use_or_procedure,improper_procedure_or_method,4,0.0101
2024,ear_and_auditory_system,tinnitus,14,0.0352
2024,eye,dry_eye,44,0.1107
2024,fluid_collection,seroma,1588,3.9963
2024,fluid_collection,swelling_edema,47,0.1183
2024,gastrointestinal_system,gastrointestinal_problem_unspecified,38,0.0956
2024,health_effect_unspecified,reported_rupture_unspecified,562,1.4143
2024,infection,abscess,36,0.0906
2024,infection,bacterial_infection,40,0.1007
2024,infection,cellulitis,25,0.0629
2024,infection,infection,323,0.8128
2024,infection,postoperative_wound_infection,177,0.4454
2024,inflammatory_response,foreign_body_reaction,82,0.2064
2024,inflammatory_response,granuloma,503,1.2658
2024,inflammatory_response,inflammation,42,0.1057
2024,inflammatory_response,local_reaction,122,0.307
2024,local_complication,calcification,80,0.2013
2024,local_complication,capsular_contracture,17257,43.428
2024,local_complication,wrinkling_or_rippling,290,0.7298
2024,lymphatic_system,lymphadenopathy,592,1.4898
2024,musculoskeletal_system,arthralgia,31,0.078
2024,musculoskeletal_system,muscle_weakness_atrophy,24,0.0604
2024,musculoskeletal_system,myalgia,12,0.0302
2024,neoplasm,bia_alcl,97,0.2441
2024,neoplasm,breast_cancer,85,0.2139
2024,neoplasm,cancer_unspecified,53,0.1334
2024,neoplasm,lymphoma_unspecified,126,0.3171
2024,nervous_system,burning_sensation,31,0.078
2024,nervous_system,cognitive_changes,60,0.151
2024,nervous_system,confusion_disorientation,15,0.0377
2024,nervous_system,dizziness,24,0.0604
2024,nervous_system,headache,54,0.1359
2024,nervous_system,memory_loss_impairment,34,0.0856
2024,nervous_system,numbness,18,0.0453
2024,nervous_system,paresthesia,78,0.1963
2024,nervous_system,sleep_dysfunction,29,0.073
2024,nervous_system,vertigo,5,0.0126
2024,patient_symptom,chest_pain,8,0.0201
2024,patient_symptom,pain,937,2.358
2024,psychological_condition,anxiety,75,0.1887
2024,psychological_condition,depression,37,0.0931
2024,psychological_condition,emotional_changes,25,0.0629
2024,respiratory_system,dyspnea,35,0.0881
2024,skin_subcutaneous_tissue,hair_loss,64,0.1611
2024,skin_subcutaneous_tissue,itching,19,0.0478
2024,skin_subcutaneous_tissue,rash,40,0.1007
2024,skin_subcutaneous_tissue,skin_inflammation_irritation,73,0.1837
2024,structural_aesthetic_outcome,deformity_disfigurement,6929,17.4371
2024,structural_aesthetic_outcome,ptosis,16,0.0403
2024,systemic_condition,autoimmune_disorder,147,0.3699
2024,systemic_symptom,fatigue,118,0.297
2024,systemic_symptom,weight_changes,45,0.1132
2024,tissue_injury,erosion,14,0.0352
2024,tissue_injury,pocket_erosion,59,0.1485
2024,tissue_injury,tissue_necrosis,87,0.2189
2024,traumatic_injury,crushing_injury,46,0.1158
2024,wound_healing,impaired_wound_healing,65,0.1636
2024,wound_healing,scar_tissue,35,0.0881
2024,wound_healing,wound_dehiscence,77,0.1938
2024,wound_or_breast_finding,fluid_discharge,39,0.0981
2025,biocompatibility,device_triggered_rejection,10863,26.9922
2025,biocompatibility,hypersensitivity_allergic_reaction,24,0.0596
2025,biocompatibility,patient_device_incompatibility,160,0.3976
2025,bleeding_complication,hematoma,144,0.3578
2025,breast_finding,breast_mass,239,0.5939
2025,breast_finding,cyst,157,0.3901
2025,cardiovascular_system,arrhythmia,2,0.005
2025,contamination,device_contamination,30,0.0745
2025,device_handling,device_handling_problem,68,0.169
2025,device_integrity,deflation,5,0.0124
2025,device_integrity,device_breakage,572,1.4213
2025,device_integrity,device_component_detachment,17,0.0422
2025,device_integrity,device_defect,10,0.0248
2025,device_integrity,gel_leak,801,1.9903
2025,device_integrity,implant_failure_nonspecific,11511,28.6023
2025,device_integrity,leak_or_deflation,3546,8.811
2025,device_integrity,material_deformation,74,0.1839
2025,device_integrity,material_delamination,26,0.0646
2025,device_integrity,material_discoloration,46,0.1143
2025,device_integrity,rupture,17448,43.3545
2025,device_integrity,unintended_deflation,68,0.169
2025,device_patient_interaction,patient_device_interaction,1317,3.2725
2025,device_position,device_malposition,362,0.8995
2025,device_position,device_migration,1098,2.7283
2025,device_use,use_of_device_problem,96,0.2385
2025,device_use_or_procedure,improper_procedure_or_method,21,0.0522
2025,ear_and_auditory_system,tinnitus,2,0.005
2025,eye,dry_eye,9,0.0224
2025,fluid_collection,seroma,1194,2.9668
2025,fluid_collection,swelling_edema,50,0.1242
2025,gastrointestinal_system,gastrointestinal_problem_unspecified,12,0.0298
2025,health_effect_unspecified,reported_rupture_unspecified,637,1.5828
2025,infection,abscess,25,0.0621
2025,infection,bacterial_infection,30,0.0745
2025,infection,cellulitis,17,0.0422
2025,infection,infection,388,0.9641
2025,infection,postoperative_wound_infection,122,0.3031
2025,inflammatory_response,foreign_body_reaction,86,0.2137
2025,inflammatory_response,granuloma,343,0.8523
2025,inflammatory_response,inflammation,61,0.1516
2025,inflammatory_response,local_reaction,131,0.3255
2025,local_complication,calcification,103,0.2559
2025,local_complication,capsular_contracture,17954,44.6118
2025,local_complication,wrinkling_or_rippling,282,0.7007
2025,lymphatic_system,lymphadenopathy,392,0.974
2025,musculoskeletal_system,arthralgia,12,0.0298
2025,musculoskeletal_system,muscle_weakness_atrophy,4,0.0099
2025,musculoskeletal_system,myalgia,8,0.0199
2025,neoplasm,anaplastic_large_cell_lymphoma,2,0.005
2025,neoplasm,bia_alcl,68,0.169
2025,neoplasm,breast_cancer,83,0.2062
2025,neoplasm,cancer_unspecified,45,0.1118
2025,neoplasm,lymphoma_unspecified,94,0.2336
2025,nervous_system,burning_sensation,12,0.0298
2025,nervous_system,cognitive_changes,14,0.0348
2025,nervous_system,confusion_disorientation,3,0.0075
2025,nervous_system,dizziness,2,0.005
2025,nervous_system,headache,26,0.0646
2025,nervous_system,memory_loss_impairment,4,0.0099
2025,nervous_system,neurological_deficit,2,0.005
2025,nervous_system,numbness,6,0.0149
2025,nervous_system,paresthesia,101,0.251
2025,nervous_system,sleep_dysfunction,13,0.0323
2025,nervous_system,vertigo,6,0.0149
2025,patient_symptom,chest_pain,9,0.0224
2025,patient_symptom,pain,1123,2.7904
2025,psychological_condition,anxiety,69,0.1714
2025,psychological_condition,depression,15,0.0373
2025,psychological_condition,emotional_changes,17,0.0422
2025,respiratory_system,dyspnea,11,0.0273
2025,skin_subcutaneous_tissue,hair_loss,20,0.0497
2025,skin_subcutaneous_tissue,itching,9,0.0224
2025,skin_subcutaneous_tissue,rash,23,0.0571
2025,skin_subcutaneous_tissue,skin_inflammation_irritation,77,0.1913
2025,structural_aesthetic_outcome,deformity_disfigurement,6643,16.5064
2025,structural_aesthetic_outcome,ptosis,77,0.1913
2025,systemic_condition,autoimmune_disorder,100,0.2485
2025,systemic_symptom,fatigue,43,0.1068
2025,systemic_symptom,weight_changes,14,0.0348
2025,tissue_injury,erosion,18,0.0447
2025,tissue_injury,pocket_erosion,49,0.1218
2025,tissue_injury,tissue_necrosis,102,0.2534
2025,traumatic_injury,crushing_injury,56,0.1391
2025,wound_healing,impaired_wound_healing,105,0.2609
2025,wound_healing,scar_tissue,39,0.0969
2025,wound_healing,wound_dehiscence,67,0.1665
2025,wound_or_breast_finding,fluid_discharge,32,0.0795
